item_id,customer_raw,customer_clean,intent,escalate,escalate_reason
g104,@SpotifyCares Can you please help me with this? Page to change my Visa stays on loading but nothing appears and my account is about to block... https://t.co/RLxK1C271n,Can you please help me with this? Page to change my Visa stays on loading but nothing appears and my account is about to block...,,,
g193,@SpotifyCares @115888 why isn’t my premium working please and thank you,why isn’t my premium working please and thank you,,,
g035,@SpotifyCares Nothing is solved if I send you the link. Your service is still leaking customer informations.,2: Can you DM it to us instead? It'd be helpful if you could also send us the link where you found this. We'll be waiting /JE,,,
g032,@115888 @117153 any news on iPhone X support? Thank you!!,any news on iPhone X support? Thank you!!,,,
g158,"@115888 when the login says ""username or email"" you'd think we could just use the email right? Nope. You have to use your username. Thanks.","when the login says ""username or email"" you'd think we could just use the email right? Nope. You have to use your username. Thanks.",,,
g046,@SpotifyCares heyyyy! Can you create a playlist for me?,heyyyy! Can you create a playlist for me?,,,
g010,Why pay for @115888 when it wont let me log on !!!!!!,Why pay for when it wont let me log on !!!!!!,,,
g040,@SpotifyCares hello. My app won't connect to Sonos. Tried reauthorizing the account and reinstalling the app.,hello. My app won't connect to Sonos. Tried reauthorizing the account and reinstalling the app.,,,
g144,@SpotifyCares I need help please,I need help please,,,
g078,@SpotifyCares hi! I got charged for a regular spotify premium when I have the student one how can I fixed it?? Thanks in advance,hi! I got charged for a regular spotify premium when I have the student one how can I fixed it?? Thanks in advance,,,
g125,@115888 Hi I've had premium since the first second i used spotify plz dont waste money advertising to me i pay u for u to use thst money to give me dank tunez ty,"Premium gives you unlimited skips. Plus you can play anywhere, even without wifi. Try it free.",,,
g148,I still wish the @115888 iPad app was more like the desktop version and not the phone version. It just looks and feels really bad to use. Not how you make a tablet app at all.,I still wish the iPad app was more like the desktop version and not the phone version. It just looks and feels really bad to use. Not how you make a tablet app at all.,,,
g095,@115888 we need you here in israel https://t.co/Zpa3pWOYsx,we need you here in israel,,,
g094,"@115888 @SpotifyCares Hey, do you know if other music services delete your whole library as often as Spotify does?","Hey, do you know if other music services delete your whole library as often as Spotify does?",,,
g007,@116130 @SpotifyCares Thank you LP whoever you are for getting me back online so quickly! This is how customer care should be! https://t.co/O3nKSlAD7o,Thank you LP whoever you are for getting me back online so quickly! This is how customer care should be!,,,
g129,"@SpotifyCares if i have premium account, and i wanna join family account, can i use the same account still or have to create a new one?","if i have premium account, and i wanna join family account, can i use the same account still or have to create a new one?",,,
g020,I'm pissed because someone hacked my @115888 and now all my playlists are gone. #trash,I'm pissed because someone hacked my and now all my playlists are gone. #trash,,,
g082,@115888 please for the love of God change your own adverts; I've heard the same shite ones 100s of times and they're so fucking annoying!,please for the love of God change your own adverts; I've heard the same shite ones 100s of times and they're so fucking annoying!,,,
g109,@SpotifyCares I am being charged $9.99 per month. I did not sign up for this service. Please advise!! Jim,I am being charged $9.99 per month. I did not sign up for this service. Please advise!! Jim,,,
g031,"Hello @115888,

as a member since the platform opened in the US i find it insulting that i’m constantly being fed soundcloud rap in your playlists on the browse section. I am taking back my music library. I dont want to look at Lil Pump when I open spotify.","Hello , as a member since the platform opened in the US i find it insulting that i’m constantly being fed soundcloud rap in your playlists on the browse section. I am taking back my music library. I dont want to look at Lil Pump when I open spotify.",,,
g186,@117168 How do I stop this annoying Spanish @1247 ad from playing after every other song? My settings are English. Make it stooppp!,How do I stop this annoying Spanish ad from playing after every other song? My settings are English. Make it stooppp!,,,
g150,@SpotifyCares I need help cant pay for premium no matter what card i use.,I need help cant pay for premium no matter what card i use.,,,
g115,"@SpotifyCares this is the second time Spotify deleted ALL my music, flicking all download switches to 'off'. I'm talking 30GB of music. Why?","this is the second time Spotify deleted ALL my music, flicking all download switches to 'off'. I'm talking 30GB of music. Why?",,,
g055,@SpotifyCares I got charged twice and can’t talk to a person about it. Please help me.,I got charged twice and can’t talk to a person about it. Please help me.,,,
g066,spotify keeps bullshitting me im so done,spotify keeps bullshitting me im so done,,,
g154,@117153 spotify premium on my phone refuses to play Ed Sheeran? It stops playing. I don't have any ed sheeran on my phone storage.,spotify premium on my phone refuses to play Ed Sheeran? It stops playing. I don't have any ed sheeran on my phone storage.,,,
g116,@115888 My account has been hacked - what to do?,My account has been hacked - what to do?,,,
g093,"@SpotifyCares hello, I️ have a student account but his month I️ was charged 10.95   What is going on? Thank you","hello, I️ have a student account but his month I️ was charged 10.95 What is going on? Thank you",,,
g088,@SpotifyCares when will the iPhone X update come out?,when will the iPhone X update come out?,,,
g137,@115888 it isn't 1990 and you're not playing cd's. STOP SKIPPING!,it isn't 1990 and you're not playing cd's. STOP SKIPPING!,,,
g092,@115888 Renewed my annual sub and suddenly my link via my phone to @118117 seems to have gone - can you fix?,Premium gives you unlimited skips. Get 3 months now for just 99p.,,,
g133,@115888 it’s really distracting when Behind The Lyrics pops up and your driving. Maybe add an option to disable while driving,it’s really distracting when Behind The Lyrics pops up and your driving. Maybe add an option to disable while driving,,,
g045,@115888 hello team #Spotify in premium you can see the lyrics of the songs??,hello team #Spotify in premium you can see the lyrics of the songs??,,,
g011,"@SpotifyCares hi. I want to leave my family plan, but i cant contact the moderator. Please help me. Thank you","hi. I want to leave my family plan, but i cant contact the moderator. Please help me. Thank you",,,
g039,Hey @115888 you keep on taking my downloaded songs offline for no reason. Very close to cancelling my account.,Hey you keep on taking my downloaded songs offline for no reason. Very close to cancelling my account.,,,
g014,"@SpotifyCares Your organizational system has accidentally confused the traditional Spanish-language band ""Los Campesinos"" with the British alternative band ""Los Campesinos!"" Just FYI.","Your organizational system has accidentally confused the traditional Spanish-language band ""Los Campesinos"" with the British alternative band ""Los Campesinos!"" Just FYI.",,,
g136,@115888 yo this has been on my mind for a few years and it finally got to my last nerve why is only censored rodeo on Spotify or is this a problem I should address with @19279 ?,yo this has been on my mind for a few years and it finally got to my last nerve why is only censored rodeo on Spotify or is this a problem I should address with ?,,,
g143,"@115888 hey spotify always the same , i listen the same music every day , and the ""daily discover"" is just music i don't like ....just sad men ....every day i put my headphones and i want a new discovery but always end in my own playlists..😑","hey spotify always the same , i listen the same music every day , and the ""daily discover"" is just music i don't like ....just sad men ....every day i put my headphones and i want a new discovery but always end in my own playlists..😑",,,
g140,@115888 Bring back NUS @116130!,"Student? Get your fix of Premium. Play the songs you want, over and over. $5.99/mo.",,,
g047,@SpotifyCares y’alls system for management is crap I got charged for our family plan I expect my family to be able to listen. Fix ur system,y’alls system for management is crap I got charged for our family plan I expect my family to be able to listen. Fix ur system,,,
g015,Hope Spotify lose the ugly gradients soon.,Hope Spotify lose the ugly gradients soon.,,,
g064,.@115888 why is it your @127972 channel is very lacking? I should be able to at least control the channel from my app...,. why is it your channel is very lacking? I should be able to at least control the channel from my app...,,,
g142,"@SpotifyCares I just found out there is a video function in spotify, but i cant seem to play any videos. I am in Norway, i have premium and my spotify desktop version is 1.0.68.407.g6864aaaf. Thanks in advance.","I just found out there is a video function in spotify, but i cant seem to play any videos. I am in Norway, i have premium and my spotify desktop version is 1.0.68.407.g6864aaaf. Thanks in advance.",,,
g183,"@SpotifyCares spotify logged me out of my account and every time i try to login, it won’t let me press the button. i’ve tried deleting the app and reinstalling it but nothing will help. is there anything i can do?","spotify logged me out of my account and every time i try to login, it won’t let me press the button. i’ve tried deleting the app and reinstalling it but nothing will help. is there anything i can do?",,,
g025,"@SpotifyCares hi, can you help me disable the start on login feature? I'm on Mac OS X High Sierra running Spotify 1.0.66.478.g1296534d","hi, can you help me disable the start on login feature? I'm on Mac OS X High Sierra running Spotify 1.0.66.478.g1296534d",,,
g166,@115888 I love you but your shuffling algorithm has turned into absolute garbage,I love you but your shuffling algorithm has turned into absolute garbage,,,
g180,@SpotifyCares I am trying to remove the below song that’s greyed out-it was a local file and it will not budge-what do I do? https://t.co/viuZ6hLq2j,I am trying to remove the below song that’s greyed out-it was a local file and it will not budge-what do I do?,,,
g149,I need this on Spotify ASAP!! https://t.co/1QhZqCP3LX,I need this on Spotify ASAP!!,,,
g081,"@spotifycares Mid-song, my app (macOS) switches devices to someone else's random device, and starts playing their music! Next Steps here? https://t.co/RaodHNiJeN","Mid-song, my app (macOS) switches devices to someone else's random device, and starts playing their music! Next Steps here?",,,
g123,@116130 Spotify isn't working on my Sonos. Is there an issue that you are aware of? Cheers.,Spotify isn't working on my Sonos. Is there an issue that you are aware of? Cheers.,,,
