item_id,customer_clean,intent,reply,retrieved,groundedness,resolution_fit,brand_voice,safety_scope
g152,"please can you contact me concerning my daughters account being hacked, we are in a family premium",account_access,Hey there! We're sorry to hear about your daughter's account. This is something for our Accounts team. You can reach them at [link:ZgU70TbP8M]. Keep us posted!,"[{'brand_text': ""Hey, sorry to hear that. We don't have telephone support at the moment, but you can head to [link:QHn3ok8y2n] for what to do next"", 'similarity': 0.6933825016021729, 'category': 'policy_answer'}, {'brand_text': ""Hey Matěj! We’re sorry to hear that. Just DM us the email address you contacted us from and we'll help you out as soon as possible /BI [link:ldFdZRiNAt]"", 'similarity': 0.5647581815719604, 'category': 'policy_answer'}, {'brand_text': 'Hey Abraham! We can help out here at Twitter, but we also have support via email at [link:ZgU70TbP8M]', 'similarity': 0.5445069074630737, 'category': 'policy_answer'}, {'brand_text': 'Hey there! Does clearing your cache and cookies help? You might also want to try using an incognito window. Let us know how it goes', 'similarity': 0.5334765315055847, 'category': 'fix_steps'}, {'brand_text': ""Hey Nat, we're sorry to hear that. This is something for our Accounts team. You can reach them at [link:ZgU70TbP8M]"", 'similarity': 0.5090450048446655, 'category': 'policy_answer'}]",,,,
g172,Still waiting on my iOS app update like,playback_app_bug,"Hey there! We don't have any info on this right now, but we'll let the right team know it's something you'd like to see 🙂","[{'brand_text': ""Hi there! We don't have any info to share right now, but we'll pass your feedback on to the right folks 🙂"", 'similarity': 0.6431776285171509, 'category': 'policy_answer'}, {'brand_text': ""Hey there! We don't have any info on this right now, but we'll let the right team know it's something you'd like to see"", 'similarity': 0.6350835561752319, 'category': 'policy_answer'}, {'brand_text': ""Hey Collin! We don't have any info on this right now, but we'll let the right team know it's something you'd like to see"", 'similarity': 0.6185457706451416, 'category': 'policy_answer'}, {'brand_text': ""Hi! We're afraid we don't have any info on this right now, but we’re working on it as we speak. Stay tuned"", 'similarity': 0.5955899953842163, 'category': 'policy_answer'}, {'brand_text': 'Thanks. Could you try restarting your device, then log out and back in? Does that help?', 'similarity': 0.5873870849609375, 'category': 'fix_steps'}]",,,,
g001,"So my Spotify got hacked. And by creating playlist me and the New ""buyer"" communicated. Turns out he paid 5$ for unlimited access to my account. Plz explain this??",account_access,Hey there! We're sorry to hear about this. This is something for our Accounts team. You can reach them at [link:ZgU70TbP8M]. Let us know how it goes!,"[{'brand_text': ""Hey Nat, we're sorry to hear that. This is something for our Accounts team. You can reach them at [link:ZgU70TbP8M]"", 'similarity': 0.5274284482002258, 'category': 'policy_answer'}, {'brand_text': 'Thanks for the update! Can you try signing up again using an incognito window/different browser? Let us know how that goes /TF [link:ldFdZRiNAt]', 'similarity': 0.5010735988616943, 'category': 'fix_steps'}, {'brand_text': ""Hey, sorry to hear that. We don't have telephone support at the moment, but you can head to [link:QHn3ok8y2n] for what to do next"", 'similarity': 0.4878252148628235, 'category': 'policy_answer'}, {'brand_text': 'Sorry about the confusion there! Just follow the steps in the link we sent. That should sort things out', 'similarity': 0.4811500310897827, 'category': 'fix_steps'}, {'brand_text': 'Hey! We can help out in English via Twitter, but we also have Indonesian support via email at [link:ZgU70TbP8M]', 'similarity': 0.47805678844451904, 'category': 'policy_answer'}]",,,,
g165,i have a reoccuring fee and I'd like to know who used our account.,billing_subscription,Hi there! We'll be glad to help look into this recurring fee via Twitter. You can also get in touch with our Email team at [link:ZgU70TbP8M]. Let us know how you'd like to proceed!,"[{'brand_text': ""Hi Lindsay! Help's here. We don't have phone support right now, but we'll be glad to help via Twitter. You can also get in touch with our Email team at [link:ZgU70TbP8M]. Let us know how you'd like to proceed"", 'similarity': 0.5444962978363037, 'category': 'policy_answer'}, {'brand_text': ""Hi! Sorry to hear about what happened to your old payment card. There's more info about updating your info here: [link:rgQPzQJv2L]"", 'similarity': 0.39365148544311523, 'category': 'policy_answer'}, {'brand_text': ""Hi! We're sorry to hear that. We don't have phone support right now, but we'll be glad to help via Twitter. You can also get in touch with our Email team at [link:ZgU70TbP8M]. Let us know how you'd like to proceed"", 'similarity': 0.355535626411438, 'category': 'policy_answer'}, {'brand_text': 'You can register for a UNiDAYS account at [link:QuKWIbmK9m]. You can then sign up for the student discount after. Hope this helps', 'similarity': 0.33497241139411926, 'category': 'policy_answer'}, {'brand_text': ""Hey there! The 50% cash back offer from Capital One isn't valid with the annual subscription of Spotify. We have more info about this here: [link:KZd4d7u0Vt]. Let us know if you have any other questions"", 'similarity': 0.3202342391014099, 'category': 'policy_answer'}]",,,,
g007,Thank you LP whoever you are for getting me back online so quickly! This is how customer care should be!,other,Hey there! We're so glad to hear that. We'll make sure to pass your kind words along to LP. Let us know if you need anything else! 💚,"[{'brand_text': ""Sorry to hear that. We'll make sure to pass on your feedback to the right team"", 'similarity': 0.3551096022129059, 'category': 'policy_answer'}, {'brand_text': ""Hey there! We’re afraid the codes are unique and sent to those who listen to Majid the most on Spotify. We'll pass on your feedback"", 'similarity': 0.34142327308654785, 'category': 'policy_answer'}, {'brand_text': ""Hi Brooke! We don't offer phone support at the moment, but we can help here. Can you DM us your account's email address or username? /GT [link:ldFdZRiNAt]"", 'similarity': 0.33457374572753906, 'category': 'policy_answer'}, {'brand_text': ""We’re afraid the codes are unique and sent to those who listen to Majid Jordan the most on Spotify. Sorry! We'll pass on your feedback"", 'similarity': 0.3134305477142334, 'category': 'policy_answer'}, {'brand_text': 'Hmm. Could you give it another shot using an incognito window or a different browser? Let us know how it plays out', 'similarity': 0.3055979311466217, 'category': 'fix_steps'}]",,,,
g043,can y'all improve the shuffle feature bc it sucks and plays the same shit all the time,feature_request_feedback,Hey there! We appreciate the feedback and we'll pass your thoughts on to the right team. We also have some info about our shuffle feature from the developers here: [link:PeKWsDpHVq]. Hope that helps 🎵,"[{'brand_text': ""We appreciate the feedback. We’re always testing things in order to improve, & we'll pass on your thoughts to the right team"", 'similarity': 0.7465701699256897, 'category': 'policy_answer'}, {'brand_text': ""Thanks for sharing your thoughts. We'll pass on your feedback to the right team. Let us know if you need anything else"", 'similarity': 0.6983742117881775, 'category': 'policy_answer'}, {'brand_text': ""Hey Bruno! We can see how that’d be useful. You can show your support and vote for the official idea here: [link:qO3AiG3RJ0]. Give us a shout if you need anything and we'll come running 🏃"", 'similarity': 0.6303247213363647, 'category': 'policy_answer'}, {'brand_text': 'Got it! We have some info about our shuffle feature from the developers here: [link:PeKWsDpHVq]. Hope that helps', 'similarity': 0.626797616481781, 'category': 'policy_answer'}, {'brand_text': ""Hey! Looks like you're using Connect. The right team are aware of this issue between Shuffle and Connect and they're investigating"", 'similarity': 0.591711163520813, 'category': 'policy_answer'}]",,,,
g149,I need this on Spotify ASAP!!,other,"Hey there! We don't have any info on this right now, but we'll let the right team know it's something you'd like to see.","[{'brand_text': ""All music on Spotify must be delivered to us via a label, or distributor. We'd recommend getting back to them for more info on this!"", 'similarity': 0.5432980060577393, 'category': 'policy_answer'}, {'brand_text': ""Hey there! Currently Spotify isn't available yet in your country. Don't worry, we're launching in new countries as often as possible."", 'similarity': 0.5138658881187439, 'category': 'policy_answer'}, {'brand_text': ""Hey there! We don't have any info on this right now, but we'll let the right team know it's something you'd like to see"", 'similarity': 0.5025286674499512, 'category': 'policy_answer'}, {'brand_text': ""Sorry to hear it! We’d recommend reaching out to your distributor. They'll work with our team to make sure your artist page is fixed up"", 'similarity': 0.5009279847145081, 'category': 'policy_answer'}, {'brand_text': ""Hi there! It currently isn't possible to do this. No worries. We'll be sure to pass your feedback onto the right team"", 'similarity': 0.4964742064476013, 'category': 'policy_answer'}]",,,,
g171,"- My account keeps getting taken over by a SpotiAmb 0.2.1 ""user"". Tried logging out everywhere and changing my password. help!",account_access,Hey there! We'd like to help. Can you let us know the device and OS you're using? Keep us posted,"[{'brand_text': ""Hey there! Right now, it's not possible to choose a username at sign-up, but you can add a display name instead. Other Spotify..."", 'similarity': 0.5746974945068359, 'category': 'policy_answer'}, {'brand_text': ""Hey Tom! That's not cool. Does restarting the device and trying to log back in help? Keep us posted"", 'similarity': 0.5561227202415466, 'category': 'fix_steps'}, {'brand_text': ""Hey Tom! That's not cool. Does restarting the device and trying to log back in help? Keep us posted"", 'similarity': 0.5561227202415466, 'category': 'fix_steps'}, {'brand_text': ""Hey! We're aware of some potential Spotify for Artists log in issues at the moment. The team are on the case 🙂 If you're struggling, can you DM us your account's email? /J [link:ldFdZRiNAt]"", 'similarity': 0.5291473269462585, 'category': 'policy_answer'}, {'brand_text': ""It's not possible to choose a username at sign-up, but you can add a display name that other users will see when visiting your profile"", 'similarity': 0.5012726783752441, 'category': 'policy_answer'}]",,,,
g117,Why have my wife been charged three times in one month???,billing_subscription,Hi there! We're sorry to hear about the extra charges. We'll be glad to help via Twitter. You can also get in touch with our Email team at [link:ZgU70TbP8M]. Let us know how you'd like to proceed.,"[{'brand_text': ""Hi! We're sorry to hear that. We don't have phone support right now, but we'll be glad to help via Twitter. You can also get in touch with our Email team at [link:ZgU70TbP8M]. Let us know how you'd like to proceed"", 'similarity': 0.2835351526737213, 'category': 'policy_answer'}, {'brand_text': ""Hey! The student discount is valid 12 months at a time. You can renew it if you're still a student. More info at [link:nLN7fuAWYb]"", 'similarity': 0.27503150701522827, 'category': 'policy_answer'}, {'brand_text': ""Hi Lindsay! Help's here. We don't have phone support right now, but we'll be glad to help via Twitter. You can also get in touch with our Email team at [link:ZgU70TbP8M]. Let us know how you'd like to proceed"", 'similarity': 0.2705152928829193, 'category': 'policy_answer'}, {'brand_text': ""Hi there. We appreciate your feedback on this, and we'll be sure to pass it on to the right folks. In the meantime, you can check out other offers such as the Family plan at [link:LESfq9LesY]. Let us know if we can help with anything else"", 'similarity': 0.2198026478290558, 'category': 'policy_answer'}, {'brand_text': ""Hi there. We appreciate your feedback on this, and we'll be sure to pass it on to the right folks. In the meantime, you can check out other offers such as the Family plan at [link:LESfq9LesY]. Let us know if we can help with anything else"", 'similarity': 0.2198026478290558, 'category': 'policy_answer'}]",,,,
g036,Can just be available in my country already?,content_availability,Hey there! We're launching in new countries as often as possible. Be sure to add your email at [link:X8DVSX9QgM] 💚,"[{'brand_text': ""Hey there! We're launching in new countries as often as possible. Be sure to add your email at [link:X8DVSX9QgM] 💚"", 'similarity': 0.7023533582687378, 'category': 'policy_answer'}, {'brand_text': ""Hi! Fingers crossed we'll be able to have it in your country soon, but there's info about Spotify content here: [link:0i8GpimuDa]"", 'similarity': 0.6809923052787781, 'category': 'policy_answer'}, {'brand_text': 'Hey! Sometimes content is unavailable due to licensing matters. More info about this here: [link:YlV1IAFV3I]', 'similarity': 0.593494176864624, 'category': 'policy_answer'}, {'brand_text': ""Hi there. We're launching in new countries as often as possible. Be sure to add your email at [link:X8DVSX9QgM]"", 'similarity': 0.5885640382766724, 'category': 'policy_answer'}, {'brand_text': ""Hey Rinoy! We're launching in new countries as often as possible. Be sure to add your email at [link:X8DVSX9QgM]. Stay awesome 😁"", 'similarity': 0.5735751390457153, 'category': 'policy_answer'}]",,,,
g012,"- Spotify, i've had your premium service on Windows phone for 3 or 4 days now. None of these days have i had no crashes.",feature_request_feedback,"Hi there! We're sorry to hear you feel that way. What device, operating system, and Spotify version are you using? We'll see what we can suggest.","[{'brand_text': ""Hey Elaina! This is part of our Free service on mobile. There's more info about it here: [link:UabipIXUxe]. In the meantime, you can check out [link:zgnxs5kPEu] if you haven't had a subscription before"", 'similarity': 0.6154407858848572, 'category': 'policy_answer'}, {'brand_text': ""Hi. We're sorry you feel that way. You can turn off email notifications for music at [link:uznw2Ttx8I]. Any questions, just shout"", 'similarity': 0.553820013999939, 'category': 'fix_steps'}, {'brand_text': 'Got it. Does logging out and restarting your device help? Let us know how it goes', 'similarity': 0.5472619533538818, 'category': 'fix_steps'}, {'brand_text': ""Hi John! We're sorry to hear you feel that way. We have some info about the Spotify app on Roku at [link:titMn0j3Im]. Give us a shout if there's anything else"", 'similarity': 0.5419560074806213, 'category': 'policy_answer'}, {'brand_text': ""Hey Jossell! We don't have any info on this right now, but we'll let the right team know it's something you'd like to see"", 'similarity': 0.540073573589325, 'category': 'policy_answer'}]",,,,
g011,"hi. I want to leave my family plan, but i cant contact the moderator. Please help me. Thank you",other,"Hi there! Are you getting any error messages? If you can send us a screenshot of what you're seeing, that'd be great. Keep us posted.","[{'brand_text': ""Hi Brooke! We don't offer phone support at the moment, but we can help here. Can you DM us your account's email address or username? /GT [link:ldFdZRiNAt]"", 'similarity': 0.3593830466270447, 'category': 'policy_answer'}, {'brand_text': ""Hey there! We don't have any info on this at the moment, but keep your eyes peeled for updates"", 'similarity': 0.2330351024866104, 'category': 'policy_answer'}, {'brand_text': ""Hey! We can help out here at Twitter, but you can reach Chat support at [link:ZgU70TbP8M]. Can you DM us your account's..."", 'similarity': 0.22291594743728638, 'category': 'policy_answer'}, {'brand_text': ""Hi! We're afraid we don't have any info to share right now, but you can show your support by voting here: [link:jA0OzJ0OO3]"", 'similarity': 0.22084739804267883, 'category': 'policy_answer'}, {'brand_text': 'Thanks. Can you log out, restart your iPhone, then log back in before checking again?', 'similarity': 0.21521839499473572, 'category': 'fix_steps'}]",,,,
g155,Moved from the US to Spain and I can't login with Fcabeook on bc countries do not match. Can't change country in Settings. Help?,account_access,"Hey there! Just to check, have you followed all of the steps here: [link:aKCgs5G1Vb]? Let us know how it goes.","[{'brand_text': 'Thanks! Just to check, have you followed all of the steps here: [link:aKCgs5G1Vb]?', 'similarity': 0.48090827465057373, 'category': 'fix_steps'}, {'brand_text': ""Hey! We're aware of some potential Spotify for Artists log in issues at the moment. The team are on the case 🙂 If you're struggling, can you DM us your account's email? /J [link:ldFdZRiNAt]"", 'similarity': 0.4604983627796173, 'category': 'policy_answer'}, {'brand_text': ""Hey Tom! That's not cool. Does restarting the device and trying to log back in help? Keep us posted"", 'similarity': 0.4483930468559265, 'category': 'fix_steps'}, {'brand_text': ""Hey Tom! That's not cool. Does restarting the device and trying to log back in help? Keep us posted"", 'similarity': 0.4483930468559265, 'category': 'fix_steps'}, {'brand_text': ""Got it! We're still not available in Kenya. We're launching in new countries as often as possible."", 'similarity': 0.4416102170944214, 'category': 'policy_answer'}]",,,,
g186,How do I stop this annoying Spanish ad from playing after every other song? My settings are English. Make it stooppp!,playback_app_bug,"Hey there! Can you let us know the device, operating system, and Spotify version you're using? We'll see what we can suggest. Keep us posted.","[{'brand_text': 'Got it! Does clearing your cache/cookies help? You might also want to try using an incognito window. Let us know how it goes', 'similarity': 0.6679484248161316, 'category': 'fix_steps'}, {'brand_text': 'Got it. Can you try logging out, restarting your PC, the logging back in? Let us know if that helps', 'similarity': 0.5837636590003967, 'category': 'fix_steps'}, {'brand_text': 'Hmm. Can you try logging out, restarting your device by holding the Sleep/Wake + Volume Down buttons for 10 seconds, then logging in?', 'similarity': 0.5545706152915955, 'category': 'fix_steps'}, {'brand_text': 'Are you getting any error messages? Can you try using a different browser or an incognito window?', 'similarity': 0.5331904292106628, 'category': 'fix_steps'}, {'brand_text': ""Hey there! That's not cool. Does logging out > restarting the device > logging back in help? Keep us posted"", 'similarity': 0.5202637910842896, 'category': 'fix_steps'}]",,,,
g025,"hi, can you help me disable the start on login feature? I'm on Mac OS X High Sierra running Spotify 1.0.66.478.g1296534d",account_access,"Hey there! Don't worry, we can help. What's happening exactly when you try to disable it? Keep us posted.","[{'brand_text': 'Thanks! Does restarting your device - including removing the battery for 30 seconds if possible - help at all?', 'similarity': 0.5690809488296509, 'category': 'fix_steps'}, {'brand_text': 'Thanks for the update! Can you try signing up again using an incognito window/different browser? Let us know how that goes /TF [link:ldFdZRiNAt]', 'similarity': 0.45070958137512207, 'category': 'fix_steps'}, {'brand_text': 'Hey Robert! Does restarting your device help at all? Let us know how it goes', 'similarity': 0.4290022552013397, 'category': 'fix_steps'}, {'brand_text': ""We're afraid we don't have any updates on this right now. In the meantime, just follow the steps from the link we've previously..."", 'similarity': 0.42632466554641724, 'category': 'fix_steps'}, {'brand_text': ""Thanks. We're afraid Spotify isn't available in Dubai at this time which is you're unable to sign up. Don't worry, we're launching in new countries as often as possible. Be sure to add your email at [link:X8DVSX9QgM]"", 'similarity': 0.41652795672416687, 'category': 'policy_answer'}]",,,,
g008,"#spotifycares 48 hours have passed, still no response! What exactly do you care about? This is a joke!",feature_request_feedback,"Hey! Sorry for the wait. Can you let us know your device, operating system, and Spotify version? We'll see what we can suggest.","[{'brand_text': ""Hey, it's an idea our devs will continue to keep an eye on. We don't have any more info right now but we'll continue to pass on feedback"", 'similarity': 0.6146161556243896, 'category': 'policy_answer'}, {'brand_text': 'Hey! We hear you. To help make it happen, we’d recommend showing your support for the idea here: [link:rJd7pDKZFz]', 'similarity': 0.5897811651229858, 'category': 'policy_answer'}, {'brand_text': ""Hey! We don't have any info on this right now, but we'll let the right team know it's something you'd like to see"", 'similarity': 0.5850982069969177, 'category': 'policy_answer'}, {'brand_text': ""Hey Connor! Check out the official idea and add your vote to let our devs know it's something you'd like to see: [link:SEK4E4gi22]"", 'similarity': 0.5791937112808228, 'category': 'policy_answer'}, {'brand_text': ""Hi Marius! Don't worry, we hear you. Feel free to cast your vote to let our developers know [link:SEK4E4gi22]"", 'similarity': 0.5686327815055847, 'category': 'policy_answer'}]",,,,
g017,"I'm trying out the service and get error ""Couldn't verify 'which playlist?' with spotify"" — I have premium spotify, have tried to remove both applets and services, and add them again. I'm able to browse lists in ifttt. Get error when I press save new applet.",content_availability,"Hey there! What device, operating system, and Spotify version are you using? We'll see what we can suggest. Keep us posted.","[{'brand_text': ""Hey there! Fingers crossed we'll be able to have it soon, but there's info about Spotify content here: [link:0i8GpimuDa]"", 'similarity': 0.5995908975601196, 'category': 'policy_answer'}, {'brand_text': ""Hey Coby! We have some info about content here: [link:0i8GpimuDa]. We'll be here if you need anything else"", 'similarity': 0.5831096768379211, 'category': 'policy_answer'}, {'brand_text': ""Hey there! Sorry to hear about that. We’d recommend reaching out to your distributor. They'll work with our team to make sure your artist page gets fixed up"", 'similarity': 0.578240156173706, 'category': 'policy_answer'}, {'brand_text': ""Thanks. Can you try logging out, restarting your devices, then logging back in? Fingers crossed that'll do the trick"", 'similarity': 0.5558418035507202, 'category': 'fix_steps'}, {'brand_text': ""Hey! We'd love to have them on Spotify, and we hopefully will in the future. Check this out: [link:MEjmIRL2eB]"", 'similarity': 0.5548038482666016, 'category': 'policy_answer'}]",,,,
g076,please can you get rid of Amigo Loans from UK adverts? My Spotify experience is being ruined with a constant urge to stab hot needles into my eyeballs. No I won’t pay for premium.,billing_subscription,Hey there! Are you currently attending classes at an accredited higher education institution such as a college or university? Keep us posted.,"[{'brand_text': ""Hmm, that's odd. Does logging out, restarting your device, and logging back in help at all?"", 'similarity': 0.48415055871009827, 'category': 'fix_steps'}, {'brand_text': ""Hey Matt! Our summer trial offers aren't available, but you can always try our Premium for Family plan here: [link:fh78ms0OxU]"", 'similarity': 0.46863052248954773, 'category': 'policy_answer'}, {'brand_text': ""Hi, help's here! What's happening when you apply for the student discount? Could you also DM us your email & username? Keep us posted /JQ [link:ldFdZRiNAt]"", 'similarity': 0.443327397108078, 'category': 'policy_answer'}, {'brand_text': ""Hey Jimmy! If you cancel the free trial before it expires, you won't get charged. You can find the steps here: [link:vQ84Itly5L]"", 'similarity': 0.44260427355766296, 'category': 'fix_steps'}, {'brand_text': 'Hey there! We have some information about this here: [link:Peyq1EC1Qj]. Any other questions, just give us a shout', 'similarity': 0.41698431968688965, 'category': 'policy_answer'}]",,,,
g020,I'm pissed because someone hacked my and now all my playlists are gone. #trash,account_access,Hey there! We're sorry to hear about your account and playlists. This is something for our Accounts team to look into. You can reach them at [link:ZgU70TbP8M]. Let us know how it goes.,"[{'brand_text': ""Hey Nat, we're sorry to hear that. This is something for our Accounts team. You can reach them at [link:ZgU70TbP8M]"", 'similarity': 0.5858295559883118, 'category': 'policy_answer'}, {'brand_text': ""Hey, sorry to hear that. We don't have telephone support at the moment, but you can head to [link:QHn3ok8y2n] for what to do next"", 'similarity': 0.4564761519432068, 'category': 'policy_answer'}, {'brand_text': ""Hey Matěj! We’re sorry to hear that. Just DM us the email address you contacted us from and we'll help you out as soon as possible /BI [link:ldFdZRiNAt]"", 'similarity': 0.3969876766204834, 'category': 'policy_answer'}, {'brand_text': 'Sorry about the confusion there! Just follow the steps in the link we sent. That should sort things out', 'similarity': 0.3848062753677368, 'category': 'fix_steps'}, {'brand_text': ""We're afraid we don't have any updates on this right now. In the meantime, just follow the steps from the link we've previously..."", 'similarity': 0.36706849932670593, 'category': 'fix_steps'}]",,,,
g187,after I play a song my music stops at the end of the song I have to close app and redo everything every time. Update in work ? Help,playback_app_bug,"Hey there! Have you tried logging out, restarting your device, and logging back in? Let us know how it goes.","[{'brand_text': ""Hey Natasha, help's here. What device and operating system is this happening on? Does logging out and back in make a difference?"", 'similarity': 0.7642844915390015, 'category': 'fix_steps'}, {'brand_text': 'Thanks. Best thing to try here is a reinstall. Just follow the steps at [link:EqisDMwZAT]. See if that helps', 'similarity': 0.6877521276473999, 'category': 'fix_steps'}, {'brand_text': ""Hey there, the cavalry's here! Does logging out, restarting your device, and logging back into Spotify help? Keep us posted"", 'similarity': 0.6729980111122131, 'category': 'fix_steps'}, {'brand_text': 'Got it. Have you tried logging out and back in to your account? Also, does restarting your device help at all?', 'similarity': 0.6707900762557983, 'category': 'fix_steps'}, {'brand_text': 'Got it! Does logging out, restarting your phone, and logging back in help? Keep us posted', 'similarity': 0.6544866561889648, 'category': 'fix_steps'}]",,,,
g158,"when the login says ""username or email"" you'd think we could just use the email right? Nope. You have to use your username. Thanks.",account_access,Hey there! That sounds odd. Can you let us know the device and OS you're using? Keep us posted.,"[{'brand_text': ""Hey there! Right now, it's not possible to choose a username at sign-up, but you can add a display name instead. Other Spotify..."", 'similarity': 0.4970497786998749, 'category': 'policy_answer'}, {'brand_text': ""It's not possible to choose a username at sign-up, but you can add a display name that other users will see when visiting your profile"", 'similarity': 0.47202634811401367, 'category': 'policy_answer'}, {'brand_text': ""Hi! Right now, it's not possible to choose a username at sign-up, but you can add a display name instead. Other users will see this name"", 'similarity': 0.4676809012889862, 'category': 'policy_answer'}, {'brand_text': ""Hey! We're aware of some potential Spotify for Artists log in issues at the moment. The team are on the case 🙂 If you're struggling, can you DM us your account's email? /J [link:ldFdZRiNAt]"", 'similarity': 0.448098361492157, 'category': 'policy_answer'}, {'brand_text': ""Hey there! Can you try clearing your browser's cache and cookies? That might help"", 'similarity': 0.4322862923145294, 'category': 'fix_steps'}]",,,,
g090,"Am I going crazy or did the desktop app just get a lot bigger (font-size, ui size)",feature_request_feedback,"Hey there! Can you let us know your device, operating system, and Spotify version? We'll see what we can suggest. Keep us posted.","[{'brand_text': ""Hi! We're afraid we don't have any info on this right now, but we’re working on it as we speak. Stay tuned"", 'similarity': 0.5607812404632568, 'category': 'policy_answer'}, {'brand_text': ""Hi! We don't have any info to share about this right now, but we'll be sure to post updates soon. Let us know if you need anything else"", 'similarity': 0.5537638664245605, 'category': 'policy_answer'}, {'brand_text': 'Hey! We have more info about this here: [link:pXBCq8GlsI]. Rest assured, your feedback will be passed on to the right folks', 'similarity': 0.50865638256073, 'category': 'policy_answer'}, {'brand_text': 'Can you try the steps here for us: [link:EqisDMOAsr]? Keep us posted', 'similarity': 0.50742107629776, 'category': 'fix_steps'}, {'brand_text': ""We'd suggest logging out, closing the app, and restarting his phone before adjusting the font to the largest configuration. Let us know how it goes"", 'similarity': 0.4837092459201813, 'category': 'fix_steps'}]",,,,
g033,I'm also trying to shuffle my saved Songs (1100+) and still shuffle plays 8 songs from the same album or nearby on the list...,playback_app_bug,"Hey there! Can you let us know the device, operating system, and Spotify version you're using? We'll see what we can suggest. Keep us posted","[{'brand_text': ""That's odd. How long has this been happening for? Does restarting the app make a difference? Let us know"", 'similarity': 0.7780762910842896, 'category': 'fix_steps'}, {'brand_text': 'Thanks for giving it a shot. Best thing to try here is a reinstall. Just follow the steps at [link:EqisDMwZAT]. See if that helps', 'similarity': 0.7343785166740417, 'category': 'fix_steps'}, {'brand_text': ""Hi John! What's the exact device, operating system, and Spotify app version you're using? Does logging out and logging back in help at all? We'll see what we can suggest"", 'similarity': 0.7227245569229126, 'category': 'fix_steps'}, {'brand_text': 'Hey there! Does logging out, restarting your device, and logging back in help at all? Let us know how it goes', 'similarity': 0.7227115631103516, 'category': 'fix_steps'}, {'brand_text': 'Got it. Does using a different device or browser make a difference? Keep us posted', 'similarity': 0.7200925350189209, 'category': 'fix_steps'}]",,,,
g195,I've tried to use the contact form on the website and haven't heard anything back. I never received my Starbucks Stars code for signing up for the 60-day free membership.,other,"Hey there! Got it! Are you getting any error messages? If you can send us a screenshot of what you're seeing, that'd be great. Keep us posted.","[{'brand_text': 'Hey there! Could you give it another shot? Just head over at [link:obFLZ92rF4] using an incognito window or a different browser', 'similarity': 0.41327032446861267, 'category': 'fix_steps'}, {'brand_text': ""Hey! We currently don't have any info about this, but pre-sale codes are usually sent out via email to the artist's biggest fans..."", 'similarity': 0.41208210587501526, 'category': 'policy_answer'}, {'brand_text': ""Hey there! We’re afraid the codes are unique and sent to those who listen to Majid the most on Spotify. We'll pass on your feedback"", 'similarity': 0.39350706338882446, 'category': 'policy_answer'}, {'brand_text': ""Hey Roxy! Sorry to hear that. We’re afraid the codes are unique and sent to those who listen to Romeo Santos the most on Spotify. We'll pass on your feedback"", 'similarity': 0.3751699924468994, 'category': 'policy_answer'}, {'brand_text': 'Hey! We have info about pre-sale codes here: [link:HUAHdMYImW]. Let us know if you have any other questions', 'similarity': 0.36107954382896423, 'category': 'policy_answer'}]",,,,
g106,"I'm seeing conflicting information, am I capped at 1,333 songs offline or 10,000?",offline_downloads,"Hey there! Currently, there's a 3,333 track limit that you can sync offline. We have more info about this here: [link:NakiNgZcST] Let us know if you need anything else ✌️","[{'brand_text': ""Hey there! Currently, there's a 3,333 track limit that you can sync offline. We have more info about this here: [link:NakiNgZcST]"", 'similarity': 0.7492608428001404, 'category': 'policy_answer'}, {'brand_text': ""We don't have any info on this right now, but If you ever need anything else, just shout and we'll come running 🏃"", 'similarity': 0.7356891632080078, 'category': 'policy_answer'}, {'brand_text': ""Hi! We're afraid it's not possible to view the total number of songs you've downloaded right now..."", 'similarity': 0.6704068183898926, 'category': 'policy_answer'}, {'brand_text': ""Hey Steven! We're afraid we don't have info about that, but we'll pass your feedback on to the relevant folks ✌️"", 'similarity': 0.6466026306152344, 'category': 'policy_answer'}, {'brand_text': ""We hear you, we're sorry you feel that way. You can find more info and show your support for the idea here [link:Z9OErWpTNz]"", 'similarity': 0.6245392560958862, 'category': 'policy_answer'}]",,,,
g135,What happened here? I can’t listen to that Song.,content_availability,"Hey there! Some content may become unavailable due to licensing agreements. Fingers crossed we'll be able to have it again soon, but there's more info about it here: [link:0i8GpimuDa]","[{'brand_text': ""Hey Daniel! Some content may become unavailable due to licensing agreements. There's more info about it here: [link:0i8GpimuDa]"", 'similarity': 0.6090776920318604, 'category': 'policy_answer'}, {'brand_text': ""We hear you! Rest assured, we're looking into this as we type. We'll have it available to you as soon as it's available to us. Thanks for bearing with us"", 'similarity': 0.5140368938446045, 'category': 'policy_answer'}, {'brand_text': ""Hmm. Is this happening over WiFi, mobile data, or offline mode? We'll dig deeper"", 'similarity': 0.512613832950592, 'category': 'fix_steps'}, {'brand_text': ""We understand. We'll be sure to have it available to you as soon as it's available again to us"", 'similarity': 0.5060590505599976, 'category': 'policy_answer'}, {'brand_text': ""Hey! Fingers crossed we'll be able to have it again soon, but there's info about Spotify content here: [link:0i8GpimuDa]"", 'similarity': 0.4923206567764282, 'category': 'policy_answer'}]",,,,
g041,"Hi , any chance this may become a regular feature? I’d love for all my tunes to come on a set :)",feature_request_feedback,"Hey there! We don't have any info on this right now, but we'll let the right team know it's something you'd like to see 🙂","[{'brand_text': ""Hey Logan! We can see how that'd be useful. You can vote for the official idea here: [link:t64lsvMKm2]"", 'similarity': 0.54688560962677, 'category': 'policy_answer'}, {'brand_text': ""Hey Christian. We don't have any info on this right now, but we'll let the right team know it's something you'd like to see 🙂"", 'similarity': 0.5272583961486816, 'category': 'policy_answer'}, {'brand_text': 'Hey there! Check out the steps here: [link:RT7XNMNEAr] on how to share music. Hope this helps 🙂', 'similarity': 0.5255454182624817, 'category': 'fix_steps'}, {'brand_text': ""Hey Bruno! We can see how that’d be useful. You can show your support and vote for the official idea here: [link:qO3AiG3RJ0]. Give us a shout if you need anything and we'll come running 🏃"", 'similarity': 0.5242578983306885, 'category': 'policy_answer'}, {'brand_text': 'Hey! We have more info about this here: [link:pXBCq8GlsI]. Give us a shout if you have any questions', 'similarity': 0.5222364068031311, 'category': 'policy_answer'}]",,,,
g147,"Hi Spotify, you accidentally charged me 5 times can you please help me resolve this issue please? Thanks.",billing_subscription,Hi there! We want to help sort out these charges. Could you send us your account's username and email address here: [link:ldFdZRiNAt]? We'll see what we can suggest. Keep us posted,"[{'brand_text': 'Hi Muthia! We can help out in English via Twitter, but we also have Indonesian support via email at [link:ZgU70TbP8M]', 'similarity': 0.5789457559585571, 'category': 'policy_answer'}, {'brand_text': ""Hey Jimmy! If you cancel the free trial before it expires, you won't get charged. You can find the steps here: [link:vQ84Itly5L]"", 'similarity': 0.5429067015647888, 'category': 'fix_steps'}, {'brand_text': ""Hi, help's here! What's happening when you apply for the student discount? Could you also DM us your email & username? Keep us posted /JQ [link:ldFdZRiNAt]"", 'similarity': 0.5358933210372925, 'category': 'policy_answer'}, {'brand_text': ""Hey Richard! We'll help out, don't worry. Could you try clearing your browser's cache/cookies and refreshing? Let us know how it goes"", 'similarity': 0.5282204151153564, 'category': 'fix_steps'}, {'brand_text': ""Hey, help's here! Could you contact Hulu's customer support here: [link:qBTRuN9PJO] so they can check on their end? Keep us posted"", 'similarity': 0.520972728729248, 'category': 'policy_answer'}]",,,,
g002,. when are we getting our year in music for 2017?,content_availability,"Hey there! We don't have any info on this right now, but rest assured we'll let everyone know if there's any update. We'll also let the right team know it's something you'd like to see.","[{'brand_text': 'Hey! We’ll have it available to you as soon as it’s available to us! [link:0i8GpimuDa] 😉', 'similarity': 0.6572921276092529, 'category': 'policy_answer'}, {'brand_text': 'Hey there! We’d love to have all of their stuff available, but we have some info about content here: [link:MEjmIRL2eB]', 'similarity': 0.6088787317276001, 'category': 'policy_answer'}, {'brand_text': ""We're afraid we still don't have any info to share regarding this. Rest assured that we'll let everyone know if there's any update. In the meantime, if you have any other questions, just give us a shout"", 'similarity': 0.6063809394836426, 'category': 'policy_answer'}, {'brand_text': ""Hey Selina! We don't have any info on this right now, but we'll let the right team know it's something you'd like to see"", 'similarity': 0.6045429706573486, 'category': 'policy_answer'}, {'brand_text': 'Hey there, we’ll have it available to you as soon as it’s available to us! [link:0i8GpimuDa]', 'similarity': 0.5835747718811035, 'category': 'policy_answer'}]",,,,
g045,hello team #Spotify in premium you can see the lyrics of the songs??,other,"Hey there! Are you getting any error messages? If you can send us a screenshot of what you're seeing, that'd be great. Keep us posted.","[{'brand_text': ""All music on Spotify must be delivered to us via a label, or distributor. We'd recommend getting back to them for more info on this!"", 'similarity': 0.5605751276016235, 'category': 'policy_answer'}, {'brand_text': ""Music availability all boils down to licensing agreements. There's more info at [link:VMrgnGpB4G]. Hope this cleat things up"", 'similarity': 0.5287294387817383, 'category': 'policy_answer'}, {'brand_text': ""Hey there! We don't have any info on this right now, but we'll let the right team know it's something you'd like to see"", 'similarity': 0.5217046737670898, 'category': 'policy_answer'}, {'brand_text': 'Got it. We’d love to have all of his stuff available, but we have some info about content here: [link:0i8GpimuDa]', 'similarity': 0.5209406614303589, 'category': 'policy_answer'}, {'brand_text': ""Got it! Fingers crossed we'll be able to have it soon, but there's info about Spotify content here: [link:0i8GpimuDa]"", 'similarity': 0.5134994983673096, 'category': 'policy_answer'}]",,,,
g128,"how do I get a podcast list to refresh on the Mac app? I subscribe to podcasts, but when I click into a podcast that I subscribe to (filtered by ""All Episodes"") it seems to use a cached list. I have to quit the app and restart, and new episodes appear",playback_app_bug,"Hey there! That doesn't sound fun. Does logging out > restarting the device > logging back in help? If not, can you let us know the operating system and Spotify version you're using? Let us know how it goes","[{'brand_text': 'Thanks for the update. Can you try reinstalling the app? You can follow the steps here: [link:URx6dw8By7]. Let us know how it plays out', 'similarity': 0.5917395353317261, 'category': 'fix_steps'}, {'brand_text': ""Hey Laura, that doesn't sound fun! Does logging out > restarting the device > logging back in help? Sending your device's make/model, operating system, and Spotify version would help too"", 'similarity': 0.5787308812141418, 'category': 'fix_steps'}, {'brand_text': ""Hey there, calvary's here! Does logging out > restarting the device > logging back in help? Let us know how it goes"", 'similarity': 0.5680880546569824, 'category': 'fix_steps'}, {'brand_text': ""Hey there, that doesn't sound right. Can you tell us what device you're using? Also, does logging out of your account, restarting your device, and logging back in help at all? Let us know how that goes"", 'similarity': 0.5147088170051575, 'category': 'fix_steps'}, {'brand_text': ""You can try logging out and logging back in, but let's also check some other things. Is this happening over WiFi, 3G/4G, or both?"", 'similarity': 0.5021204352378845, 'category': 'fix_steps'}]",,,,
g192,"can you please add a ""mix-button""? So you can mix the songs on you're playlist?",feature_request_feedback,"Hey there! We don't have any info on this right now, but we'll let the right team know it's something you'd like to see 🙂","[{'brand_text': 'Hey there, we can see how that’d be useful! You can vote for the official idea here: [link:4AnYWCNAi4]', 'similarity': 0.6593791246414185, 'category': 'policy_answer'}, {'brand_text': ""Hey Bruno! We can see how that’d be useful. You can show your support and vote for the official idea here: [link:qO3AiG3RJ0]. Give us a shout if you need anything and we'll come running 🏃"", 'similarity': 0.6167821884155273, 'category': 'policy_answer'}, {'brand_text': ""Hey Christian. We don't have any info on this right now, but we'll let the right team know it's something you'd like to see 🙂"", 'similarity': 0.6138626933097839, 'category': 'policy_answer'}, {'brand_text': ""Hey! You can use filtered searches within the playlist to quickly find the song you're looking for. Just check out the steps here: [link:Py75y0NDMw]. Let us know if you have any questions"", 'similarity': 0.6086432933807373, 'category': 'fix_steps'}, {'brand_text': ""Hey Logan! We can see how that'd be useful. You can vote for the official idea here: [link:t64lsvMKm2]"", 'similarity': 0.5983067750930786, 'category': 'policy_answer'}]",,,,
g119,Can these be links please?,feature_request_feedback,"Hey there! We're afraid this isn't possible right now, but we can see how that’d be handy. Thanks for taking the time to reach out – your feedback's been noted 📝","[{'brand_text': ""We have email support at [link:ZgU70TbP8M], or you could also send us a DM instead with your account's email address or username /AR [link:ldFdZRiNAt]"", 'similarity': 0.3126521408557892, 'category': 'policy_answer'}, {'brand_text': ""Hey there! We're afraid this isn't possible right now, but we can see how that’d be handy. Thanks for taking the time to reach out – your feedback's been noted 📝"", 'similarity': 0.26629459857940674, 'category': 'policy_answer'}, {'brand_text': ""Hey Alberto! We understand your frustration, and we're passing on all feedback about this. We'd recommend adding your vote to the idea"", 'similarity': 0.2590641975402832, 'category': 'policy_answer'}, {'brand_text': 'Hey Ryan! Be sure to vote for the official idea here to show your support, and provide feedback for our team: [link:cGH3qLtYki]', 'similarity': 0.255661278963089, 'category': 'policy_answer'}, {'brand_text': ""Hey Tessa! This isn't currently available, but you can vote for the idea at [link:ExzAphXe8b] to help make it happen 🙂"", 'similarity': 0.23933638632297516, 'category': 'policy_answer'}]",,,,
g151,. please add the possibility to block an artist! or set your algorithm to remove an artist from suggestions at x # of dislikes 😓,feature_request_feedback,"Hey! This isn't possible right now, but you can show your support for the idea by adding your vote on our Community: [link:oGDLtirXki] Let us know if you need anything else! 🎵","[{'brand_text': ""Hi! This isn't possible right now, but you can show your support for the idea on our Community: [link:oGDLtirXki]"", 'similarity': 0.6718409061431885, 'category': 'policy_answer'}, {'brand_text': ""Hey! It's not possible for now, but you can support the idea by adding your vote at [link:hlXvRg5Zog]"", 'similarity': 0.6676253080368042, 'category': 'policy_answer'}, {'brand_text': ""Hey! We're afraid this isn't possible right now, but you can show your support for the idea on our Community: [link:oGDLtirXki]"", 'similarity': 0.6639001369476318, 'category': 'policy_answer'}, {'brand_text': ""Hey! This isn't possible right now, but you can show your support for the idea in our Community: [link:oGDLtirXki]"", 'similarity': 0.6627603769302368, 'category': 'policy_answer'}, {'brand_text': 'We hear you. You can show your support and vote on the idea here: [link:hlXvRg5Zog]. You can help us make this happen', 'similarity': 0.636399507522583, 'category': 'policy_answer'}]",,,,
g109,I am being charged $9.99 per month. I did not sign up for this service. Please advise!! Jim,billing_subscription,Hi Jim! We'd like to look into this for you. Could you DM us with your account's username and email address? We'll see what we can suggest [link:ldFdZRiNAt],"[{'brand_text': ""Hey Jordan! We currently don't offer 12 months for the price of 10 on our Premium for Family subscription. Can you DM us your account's username or email address? We'll see what we can suggest /PC [link:ldFdZRiNAt]"", 'similarity': 0.6334560513496399, 'category': 'policy_answer'}, {'brand_text': ""Hi there. We appreciate your feedback on this, and we'll be sure to pass it on to the right folks. In the meantime, you can check out other offers such as the Family plan at [link:LESfq9LesY]. Let us know if we can help with anything else"", 'similarity': 0.49425435066223145, 'category': 'policy_answer'}, {'brand_text': ""Hi there. We appreciate your feedback on this, and we'll be sure to pass it on to the right folks. In the meantime, you can check out other offers such as the Family plan at [link:LESfq9LesY]. Let us know if we can help with anything else"", 'similarity': 0.49425435066223145, 'category': 'policy_answer'}, {'brand_text': ""Hmm, that's odd. Does logging out, restarting your device, and logging back in help at all?"", 'similarity': 0.48343440890312195, 'category': 'fix_steps'}, {'brand_text': ""Hey Sylvia! We don't offer phone support at the moment, but we can help here. Can you DM us your account's email address? /AN [link:ldFdZRiNAt]"", 'similarity': 0.4813174605369568, 'category': 'policy_answer'}]",,,,
g139,Help I cant play songs by certain artists at all across my devices laptop/phone,playback_app_bug,"Hey there! Does logging out, restarting your devices, and logging back in help at all? Let us know how it goes","[{'brand_text': 'Thanks! Does logging out, restarting your phone, and then logging back in make a difference?', 'similarity': 0.7086334228515625, 'category': 'fix_steps'}, {'brand_text': 'Thanks! Does logging out > restarting the device > logging back in help? Keep us posted', 'similarity': 0.6883506774902344, 'category': 'fix_steps'}, {'brand_text': ""Hi there! Can you let us know your laptop's operating system and Spotify version? Does restarting help?"", 'similarity': 0.6648619771003723, 'category': 'fix_steps'}, {'brand_text': 'Hey there! Does logging out, restarting your device, and logging back in help at all? Let us know how it goes', 'similarity': 0.6289716362953186, 'category': 'fix_steps'}, {'brand_text': 'Thanks for the info. Could you try reinstalling the app? Just follow the steps at [link:grEcQYH4xi]. Let us know how it goes', 'similarity': 0.6266434192657471, 'category': 'fix_steps'}]",,,,
g121,I re opened a closed account but i am not longer able to close it again. help?,account_access,"Hey there! Don't worry, we can help. Can you let us know the device and OS you're using? Keep us posted","[{'brand_text': ""Hey Tom! That's not cool. Does restarting the device and trying to log back in help? Keep us posted"", 'similarity': 0.5510175228118896, 'category': 'fix_steps'}, {'brand_text': ""Hey Tom! That's not cool. Does restarting the device and trying to log back in help? Keep us posted"", 'similarity': 0.5510175228118896, 'category': 'fix_steps'}, {'brand_text': ""Hey there! Can you try clearing your browser's cache and cookies? That might help"", 'similarity': 0.45866408944129944, 'category': 'fix_steps'}, {'brand_text': ""Hey! We're aware of some potential Spotify for Artists log in issues at the moment. The team are on the case 🙂 If you're struggling, can you DM us your account's email? /J [link:ldFdZRiNAt]"", 'similarity': 0.4542276859283447, 'category': 'policy_answer'}, {'brand_text': ""Hey Nat, we're sorry to hear that. This is something for our Accounts team. You can reach them at [link:ZgU70TbP8M]"", 'similarity': 0.4451514184474945, 'category': 'policy_answer'}]",,,,
g196,Hi When Music Will Be Available In India🇮🇳?? Waiting For It..,content_availability,Hey there! We're launching in new countries as often as possible. Be sure to add your email at [link:X8DVSX9QgM],"[{'brand_text': ""Hey there! We're launching in new countries as often as possible. Be sure to add your email at [link:X8DVSX9QgM]"", 'similarity': 0.6556020975112915, 'category': 'policy_answer'}, {'brand_text': 'Hey! We’ll have it available to you as soon as it’s available to us! [link:0i8GpimuDa] 😉', 'similarity': 0.6544638872146606, 'category': 'policy_answer'}, {'brand_text': ""Hi. Taylor Swift's 'Reputation' isn't available to stream just yet – stay tuned! For now, check out the singles: [link:3h0TnPWP0c]"", 'similarity': 0.6272602677345276, 'category': 'policy_answer'}, {'brand_text': ""Hey there! We're launching in new countries as often as possible. Be sure to add your email at [link:X8DVSX9QgM]"", 'similarity': 0.6133929491043091, 'category': 'policy_answer'}, {'brand_text': ""Hey! We're launching in new countries as often as possible. Be sure to add your email at [link:X8DVSX9QgM]"", 'similarity': 0.6074173450469971, 'category': 'policy_answer'}]",,,,
g169,"Hi, I have a full Spotify service and it’s saying it is signed into my sonos but when I try to play it on my sonos system I am getting this message",playback_app_bug,"Hey there! Does logging out, restarting your device, and logging back into Spotify help? Keep us posted","[{'brand_text': ""Hey Anthony, the cavalry's here! Does logging out, restarting your device, and logging back into Spotify help? Keep us posted"", 'similarity': 0.6399507522583008, 'category': 'fix_steps'}, {'brand_text': 'Hey there! Can you try signing up at [link:d4Pr8cFVVJ] using an incognito window or a different browser? Let us know how it goes', 'similarity': 0.6355488300323486, 'category': 'fix_steps'}, {'brand_text': 'Thanks! Does logging out > restarting the device > logging back in help? Keep us posted', 'similarity': 0.597551167011261, 'category': 'fix_steps'}, {'brand_text': 'Can you try the steps here for us: [link:EqisDMwZAT]? Let us know if the issue persists', 'similarity': 0.5961752533912659, 'category': 'fix_steps'}, {'brand_text': 'Sorry about that. Could you try reinstalling the app? Just follow the steps at [link:grEcQYYFVS]. Let us know how it goes', 'similarity': 0.5870958566665649, 'category': 'fix_steps'}]",,,,
g047,y’alls system for management is crap I got charged for our family plan I expect my family to be able to listen. Fix ur system,family_plan,Hey there! Can you DM us your account's email address and a screenshot of any specific error messages they're getting? We'll see what we can suggest [link:ldFdZRiNAt],"[{'brand_text': ""Hey! You don't have to cancel your existing subscription. It will simply resume once you leave the Family plan. Hope this helps 🙂"", 'similarity': 0.451280802488327, 'category': 'policy_answer'}, {'brand_text': 'Hey! Thanks for sharing your thoughts about this. Currently, all members of a Premium for Family plan must...', 'similarity': 0.4371899366378784, 'category': 'policy_answer'}, {'brand_text': ""Hey Kurt! We're afraid it's not possible to register for a full year of the Family plan with this discounted price. Hope this clears things up. Any questions, just give us a shout"", 'similarity': 0.4350009262561798, 'category': 'policy_answer'}, {'brand_text': 'Hey there! We can help you here on Twitter. We also have email support at [link:ZgU70TbP8M]. Let us know how you wish to proceed', 'similarity': 0.43035972118377686, 'category': 'policy_answer'}, {'brand_text': ""Hi there! Could you shoot us a DM with the usernames and email addresses for you and the Family plan owner's accounts? We'll take a look /VK [link:ldFdZRiNAt]"", 'similarity': 0.4210321009159088, 'category': 'policy_answer'}]",,,,
g026,"My family can't sign into their accounts. We're on Premium Family. Please help! Yes, they're in the same home.",family_plan,Hey there! Thanks for clearing that up. Can you DM us a screenshot of any specific error messages they're getting? We'll see what we can suggest [link:ldFdZRiNAt],"[{'brand_text': ""Hey John! Can you DM us your username and the Family plan owner's email address? We'll take a look backstage /LO [link:ldFdZRiNAt]"", 'similarity': 0.6858648061752319, 'category': 'policy_answer'}, {'brand_text': 'With Premium for Family, you and up to 5 members of the same household can join. More info here: [link:KJ8ayuKPFM]', 'similarity': 0.6526859402656555, 'category': 'policy_answer'}, {'brand_text': ""Hi Alice! Currently, all members of a Premium for Family plan must reside at the same address. We're passing on all feedback about this"", 'similarity': 0.6431013941764832, 'category': 'policy_answer'}, {'brand_text': ""Hi! We'd suggest trying again using a different browser or a private browsing window. Let us know how it goes"", 'similarity': 0.6365061402320862, 'category': 'fix_steps'}, {'brand_text': ""Hey William, help's here! Could you give it another shot using an incognito window or a different browser? Let us know how it plays out"", 'similarity': 0.6308022737503052, 'category': 'fix_steps'}]",,,,
g080,"Why is this even a constraint, ? And why is it incredibly small?",playback_app_bug,"Hey there! Could you tell us a bit more about the constraint you're seeing? Also, can you let us know the device, operating system, and Spotify version you're using? We'll see what we can suggest.","[{'brand_text': 'Hey there! Can you try logging out and back in again? You can also try restarting your phone to see if it helps', 'similarity': 0.1939397156238556, 'category': 'fix_steps'}, {'brand_text': ""Hey! Fingers crossed we'll be able to have it soon, but there's info about Spotify content here: [link:0i8GpimuDa]"", 'similarity': 0.19342756271362305, 'category': 'policy_answer'}, {'brand_text': 'Hey James! We can see how that’d be useful. You can vote for the official idea here: [link:rme49TNxKx]', 'similarity': 0.19138994812965393, 'category': 'policy_answer'}, {'brand_text': 'Hey Dana! Does logging out and logging back in help? Restarting your device is also worth a try. Let us know how it plays out', 'similarity': 0.17878732085227966, 'category': 'fix_steps'}, {'brand_text': ""Hi Nicole! We can help out via Twitter, but we also have email support at [link:ZgU70TbP8M]. If you'd like to continue..."", 'similarity': 0.17466148734092712, 'category': 'policy_answer'}]",,,,
g113,The lengths that I have to go to get someone to help me 😒😒😒😒,other,Hi there! We can help here. Can you DM us your account's email address or username? [link:ldFdZRiNAt],"[{'brand_text': ""Got it. We’d recommend reaching out to your distributor. They'll work with our team to make sure your artist page gets fixed up"", 'similarity': 0.2547898590564728, 'category': 'policy_answer'}, {'brand_text': ""Hi there! We're afraid it currently isn't possible to do this. Don't worry. We'll let our devs know it's something you'd like to see"", 'similarity': 0.23564492166042328, 'category': 'policy_answer'}, {'brand_text': ""Hi Brooke! We don't offer phone support at the moment, but we can help here. Can you DM us your account's email address or username? /GT [link:ldFdZRiNAt]"", 'similarity': 0.23272448778152466, 'category': 'policy_answer'}, {'brand_text': ""Hey! We can help out here at Twitter, but you can reach Chat support at [link:ZgU70TbP8M]. Can you DM us your account's..."", 'similarity': 0.22466318309307098, 'category': 'policy_answer'}, {'brand_text': 'Hi there! We have some info about the verification process at [link:aR6VNZNfsw]. Let us know if you have any other questions', 'similarity': 0.22095070779323578, 'category': 'policy_answer'}]",,,,
g022,"do you offer an annual plan? If not, you should offer it at a discounted rate like Apple does. I would buy it.",billing_subscription,Hey there! Could you DM us with your account's username and email address? We'll see what we can suggest [link:ldFdZRiNAt],"[{'brand_text': ""Hey Jordan! We currently don't offer 12 months for the price of 10 on our Premium for Family subscription. Can you DM us your account's username or email address? We'll see what we can suggest /PC [link:ldFdZRiNAt]"", 'similarity': 0.5703880190849304, 'category': 'policy_answer'}, {'brand_text': ""Hey there! If you're currently enrolled and attending classes, you should be able to subscribe directly to the student discount..."", 'similarity': 0.5365514159202576, 'category': 'policy_answer'}, {'brand_text': ""Hey there! We don't have any info on this right now, but we'll let the right team know it's something you're looking forward to"", 'similarity': 0.45538172125816345, 'category': 'policy_answer'}, {'brand_text': ""Hi Ben! We're afraid you can't apply additional discounts to a Premium for Family plan. Nice try though 😉"", 'similarity': 0.4448288381099701, 'category': 'policy_answer'}, {'brand_text': ""Hey there! We're afraid that paying via iTunes is not possible at the moment, but we have different payment options available. To find an eligible payment method that'll work best for you, head to [link:1iF7T0iEU2]. Let us know if there's anything else"", 'similarity': 0.44164377450942993, 'category': 'policy_answer'}]",,,,
g150,I need help cant pay for premium no matter what card i use.,billing_subscription,"Hey there! We have different payment options available. To find an eligible payment method that'll work best for you, head to [link:1iF7T0iEU2]. Let us know how it goes","[{'brand_text': ""Hey there! We're afraid that paying via iTunes is not possible at the moment, but we have different payment options available. To find an eligible payment method that'll work best for you, head to [link:1iF7T0iEU2]. Let us know if there's anything else"", 'similarity': 0.6654829382896423, 'category': 'policy_answer'}, {'brand_text': ""We're looking into this at the moment. Thanks for reporting. Everything should be back up and running again soon!"", 'similarity': 0.6108129024505615, 'category': 'policy_answer'}, {'brand_text': ""Hey, help's here! You can apply for the student discount at [link:anKs5CbHuB]. Let us know how it goes"", 'similarity': 0.5570825338363647, 'category': 'policy_answer'}, {'brand_text': ""Hi there. We appreciate your feedback on this, and we'll be sure to pass it on to the right folks. In the meantime, you can check out other offers such as the Family plan at [link:LESfq9LesY]. Let us know if we can help with anything else"", 'similarity': 0.5535367727279663, 'category': 'policy_answer'}, {'brand_text': ""Hi there. We appreciate your feedback on this, and we'll be sure to pass it on to the right folks. In the meantime, you can check out other offers such as the Family plan at [link:LESfq9LesY]. Let us know if we can help with anything else"", 'similarity': 0.5535367727279663, 'category': 'policy_answer'}]",,,,
g064,. why is it your channel is very lacking? I should be able to at least control the channel from my app...,playback_app_bug,"Hi there! Can you let us know the device, operating system, and Spotify version you're using? We'll see what we can suggest.","[{'brand_text': ""Hi there! We have some info about the Spotify app on Roku here: [link:titMn0j3Im]. Give us a shout if there's anything else"", 'similarity': 0.54278564453125, 'category': 'policy_answer'}, {'brand_text': 'Hi there! Everything looks good on our end. Does logging out > restarting your device > logging back in help? Keep us posted', 'similarity': 0.541178286075592, 'category': 'fix_steps'}, {'brand_text': ""Hey there! We don't have any info on this right now, but we'll let the right team know it's something you'd like to see"", 'similarity': 0.5305347442626953, 'category': 'policy_answer'}, {'brand_text': 'Are you getting any error messages while trying to play a song? Does restarting help?', 'similarity': 0.5068743228912354, 'category': 'fix_steps'}, {'brand_text': 'Got it. We have some info about the playlists on the Spotify app on Roku here: [link:titMn0j3Im].', 'similarity': 0.5043127536773682, 'category': 'policy_answer'}]",,,,
g023,"Hey thanks for deleting all the albums I'd downloaded. iOS11. Yeah, thanks.",offline_downloads,Hey there! Sorry to hear about your downloaded albums. Check out the steps under “Downloads unexpectedly removed” at [link:38J7tFlIBF]. They should help with this. Let us know how it goes!,"[{'brand_text': 'Sorry to hear that! Check out the steps under “Downloads unexpectedly removed” at [link:38J7tFlIBF]. They should help with this', 'similarity': 0.5981712937355042, 'category': 'fix_steps'}, {'brand_text': 'Hi Mike, sorry to hear this. Check out the steps under “Downloads unexpectedly removed” at [link:38J7tFlIBF]. They should help', 'similarity': 0.5805071592330933, 'category': 'fix_steps'}, {'brand_text': 'Hey! Sorry to hear that. See the steps under “Downloads unexpectedly removed” at [link:38J7tFlIBF]. They should help with this', 'similarity': 0.5783439874649048, 'category': 'fix_steps'}, {'brand_text': 'Hey Emma, sorry to hear that! Check out the steps under “Downloads unexpectedly removed” at [link:38J7tFlIBF]. They should help', 'similarity': 0.5520355701446533, 'category': 'fix_steps'}, {'brand_text': ""Hi Sam! We'd suggest checking out the steps under “Downloads unexpectedly removed” at [link:38J7tFlIBF]. They should help"", 'similarity': 0.5134849548339844, 'category': 'fix_steps'}]",,,,
g111,"hey, I need to update my email address but I can't reset my password - error reads ""The CSRF token is invalid"". 1/2",account_access,"Hey there! Don’t worry, we can help. What’s happening exactly? Can you let us know the device/OS you’re using?","[{'brand_text': 'Got it. Best thing to try here is a reinstall. Just follow the steps at [link:EqisDMOAsr]', 'similarity': 0.5381227731704712, 'category': 'fix_steps'}, {'brand_text': 'Hey Robert! Does restarting your device help at all? Let us know how it goes', 'similarity': 0.5352659225463867, 'category': 'fix_steps'}, {'brand_text': ""Hey Nat, we're sorry to hear that. This is something for our Accounts team. You can reach them at [link:ZgU70TbP8M]"", 'similarity': 0.48019394278526306, 'category': 'policy_answer'}, {'brand_text': ""Hey, help's here! Can you give it a go on an incognito window or a different browser? Let us know how it goes"", 'similarity': 0.44227224588394165, 'category': 'fix_steps'}, {'brand_text': ""Hey there! Can you try clearing your browser's cache and cookies? That might help"", 'similarity': 0.4409523904323578, 'category': 'fix_steps'}]",,,,
g163,pls bring back the lyrics feature and create an option to change usernames. some of us created our accounts in 5th grade so...,account_access,"Hey there! Right now, it's not possible to change your username, but you can add a display name instead. We don't have any info on the lyrics feature right now, but we'll let the right team know it's something you'd like to see ✌️","[{'brand_text': ""Hey there! Right now, it's not possible to choose a username at sign-up, but you can add a display name instead. Other Spotify..."", 'similarity': 0.5810779333114624, 'category': 'policy_answer'}, {'brand_text': ""It's not possible to choose a username at sign-up, but you can add a display name that other users will see when visiting your profile"", 'similarity': 0.5600874423980713, 'category': 'policy_answer'}, {'brand_text': ""Hey there! We don't have any info on this right now, but we'll let the right team know it's something you'd like to see"", 'similarity': 0.5036081075668335, 'category': 'policy_answer'}, {'brand_text': ""Hey Nat, we're sorry to hear that. This is something for our Accounts team. You can reach them at [link:ZgU70TbP8M]"", 'similarity': 0.4556660056114197, 'category': 'policy_answer'}, {'brand_text': ""Hi! Right now, it's not possible to choose a username at sign-up, but you can add a display name instead. Other users will see this name"", 'similarity': 0.3911919891834259, 'category': 'policy_answer'}]",,,,
g079,We're investigating some payment issues and working hard to get things fixed. We'll provide updates here as we receive them.,billing_subscription,Hey there! Could you try logging out and logging back in? Keep us posted,"[{'brand_text': ""We're looking into this at the moment. Thanks for reporting. Everything should be back up and running again soon!"", 'similarity': 0.751375138759613, 'category': 'policy_answer'}, {'brand_text': 'Hey there! Could you try logging out and logging back in? Keep us posted', 'similarity': 0.686223030090332, 'category': 'fix_steps'}, {'brand_text': 'Hi Eric! Can you try using a different browser or an incognito/private browsing window to see if that helps? Let us know how it goes', 'similarity': 0.6199343204498291, 'category': 'fix_steps'}, {'brand_text': ""Hey, help's here! You can apply for the student discount at [link:anKs5CbHuB]. Let us know how it goes"", 'similarity': 0.6135921478271484, 'category': 'policy_answer'}, {'brand_text': ""Hey there, we're here to help! Here's all the information you need to know about the student discount: [link:rdZ9slIDDQ] 🙂"", 'similarity': 0.6101236939430237, 'category': 'policy_answer'}]",,,,
g042,"Hi, I have invited my daughters to a family plan, but they are experiencing problems in accepting the invitation. They are momentarely abroad for study, but still reside at my home - is this the issue? Thanks",family_plan,Hi there! Can you DM us a screenshot of any specific error messages they're getting? We'll see what we can suggest [link:ldFdZRiNAt],"[{'brand_text': ""Hi there! Could you shoot us a DM with the usernames and email addresses for you and the Family plan owner's accounts? We'll take a look /VK [link:ldFdZRiNAt]"", 'similarity': 0.5648679137229919, 'category': 'policy_answer'}, {'brand_text': ""Hi Mayanin! We're afraid it's not possible to view or change the address you've entered when signing up for the Family plan. Can you DM us your accounts' email address? We'll see what we can suggest /WW [link:ldFdZRiNAt]"", 'similarity': 0.5088962316513062, 'category': 'policy_answer'}, {'brand_text': ""Hey, help's here! Can you DM us all your family members' accounts' email addresses, including the Premium for Family plan owner's? /GK [link:ldFdZRiNAt]"", 'similarity': 0.4745021462440491, 'category': 'policy_answer'}, {'brand_text': ""Hey there! We don't have any info on this right now, but we'll let the right team know it's something you'd like to see 💚"", 'similarity': 0.4577164053916931, 'category': 'policy_answer'}, {'brand_text': ""Hi, help's on the way! Could you DM us yours and the Premium for Family plan owner's usernames and email addresses? We'll take a look backstage /JQ [link:ldFdZRiNAt]"", 'similarity': 0.44426780939102173, 'category': 'policy_answer'}]",,,,
g088,when will the iPhone X update come out?,feature_request_feedback,"Hey there! We don't have any info to share on this right now, but we're working on it as we speak. Stay tuned 🔧","[{'brand_text': ""Hey there! We don't have any info on this right now, but we’re working on it as we speak. Stay tuned"", 'similarity': 0.8606213331222534, 'category': 'policy_answer'}, {'brand_text': ""Hey Kevin! We don't have any info to share about this yet, but keep an eye out for updates. We're passing on all feedback around this"", 'similarity': 0.8567454814910889, 'category': 'policy_answer'}, {'brand_text': ""Hi Guillaume! We don't have any info to share right now, but we'll be sure to post updates on this soon. Anything else, let us know"", 'similarity': 0.82117760181427, 'category': 'policy_answer'}, {'brand_text': ""Hi Paul. We're afraid we don't have any info to share at the moment. Don't worry, we’re working on it as we speak. Stay tuned 🔧"", 'similarity': 0.8192063570022583, 'category': 'policy_answer'}, {'brand_text': ""Hi! We don't have any info on this right now, but we'll let the right team know it's something you'd like to see"", 'similarity': 0.7849302291870117, 'category': 'policy_answer'}]",,,,
g177,can you add Jay-Z please,content_availability,Hey! We'd love to have his music on Spotify! Hopefully we will in the future. Check this out: [link:MEjmIRL2eB],"[{'brand_text': 'Hey! We’ll have it available to you as soon as it’s available to us. [link:0i8GpimuDa]', 'similarity': 0.5380663275718689, 'category': 'policy_answer'}, {'brand_text': 'Hey there! We’d love to have that soundtrack available, but we have some info about content here: [link:0i8GpimuDa]', 'similarity': 0.49051007628440857, 'category': 'policy_answer'}, {'brand_text': ""Hey there! Fingers crossed we'll be able to have it soon, but there's info about Spotify content here: [link:0i8GpimuDa]"", 'similarity': 0.4874408543109894, 'category': 'policy_answer'}, {'brand_text': ""Hey! We'd love to have them on Spotify! Hopefully we will in the future. Check this out: [link:MEjmIRL2eB]"", 'similarity': 0.4856848120689392, 'category': 'policy_answer'}, {'brand_text': 'Hi Patrick! We’d love to have all of his stuff available, but we have some info about content here: [link:0i8GpimuDa]', 'similarity': 0.4837833642959595, 'category': 'policy_answer'}]",,,,
g038,Hey could you maybe stop deleting all my downloaded songs in random intervals? Much appreciated,offline_downloads,Hey! We're sorry to hear about your downloaded songs. Check out the steps under “Downloads unexpectedly removed” at [link:38J7tFlIBF]. Let us know how it goes!,"[{'brand_text': ""Hey! We're sorry to hear that. Check out the steps under “Downloads unexpectedly removed” at [link:38J7tFlIBF]."", 'similarity': 0.7756091952323914, 'category': 'fix_steps'}, {'brand_text': 'Sorry to hear that, Hal! Check out the steps under “Downloads unexpectedly removed” at [link:EidIERWgLX]. They should help with this', 'similarity': 0.7067438364028931, 'category': 'fix_steps'}, {'brand_text': 'Hi Lucas! Can you check out the steps under “Downloads unexpectedly removed” at [link:38J7tFlIBF]? They should help with this', 'similarity': 0.697677731513977, 'category': 'fix_steps'}, {'brand_text': 'Hey, sorry to hear that! Check the steps under “Downloads unexpectedly removed” at [link:38J7tFlIBF]. They should help with this', 'similarity': 0.6950734853744507, 'category': 'fix_steps'}, {'brand_text': 'Hey! Sorry to hear that. Check out the steps under “Downloads unexpectedly removed” at [link:38J7tFlIBF]. They should help with this', 'similarity': 0.6842475533485413, 'category': 'fix_steps'}]",,,,
g120,. ...put the LG tv app back. Why do you hate me?,playback_app_bug,"Hi there! We're afraid we don't have any more info to share about this at the moment, but we'll let the right team know you'd like to see it back.","[{'brand_text': ""Hey Sean! You can find more info about Spotify on Samsung Smart TV's here: [link:qieD5IJ84B]"", 'similarity': 0.6086986064910889, 'category': 'policy_answer'}, {'brand_text': ""We're afraid we don't have any more info to share about this at the moment, but we'll let the right team know you'd like to see it back"", 'similarity': 0.5363447666168213, 'category': 'policy_answer'}, {'brand_text': ""Hi Allen! We have some info about the Spotify app on Roku here: [link:1nqkZkn6JX]. Give us a shout if there's anything else"", 'similarity': 0.4780435562133789, 'category': 'policy_answer'}, {'brand_text': 'We suggest that you try logging out and back in. Also, does restarting your device help at all? Let us know how it goes', 'similarity': 0.4677942097187042, 'category': 'fix_steps'}, {'brand_text': ""Hey there! We have some info about the Spotify app on Roku here: [link:titMn0j3Im]. Give us a shout if there's anything else"", 'similarity': 0.46721041202545166, 'category': 'policy_answer'}]",,,,
g138,"Hey I know it’s not a feature, but do *you* know when I heard a song for the last time? It would help me reconstruct an event.",feature_request_feedback,"Hey! We don't have any info on this right now, but we'll let the right team know it's something you'd like to see.","[{'brand_text': ""Hey! We don't have any info on this yet, but you can add your vote to a similar idea at [link:5ntEVuzJ71]. Hope this helps"", 'similarity': 0.5855741500854492, 'category': 'policy_answer'}, {'brand_text': 'Hey! We have more info about this here: [link:pXBCq8GlsI]. Give us a shout if you have any questions', 'similarity': 0.581342339515686, 'category': 'policy_answer'}, {'brand_text': ""Hey Jonathan! We don't have any info on this right now, but we'll let the right team know it's something you'd like to see"", 'similarity': 0.5390837788581848, 'category': 'policy_answer'}, {'brand_text': 'Hmm. We can help out in English via Twitter, but we also have Turkish support via email at [link:ZgU70TbP8M]', 'similarity': 0.5383840799331665, 'category': 'policy_answer'}, {'brand_text': 'Hey! We have some info about saving your Shazam tracks on Spotify here: [link:jgi0f1UPla]. Let us know if you have any questions', 'similarity': 0.5311565399169922, 'category': 'policy_answer'}]",,,,
g049,We're investigating some payment issues and working hard to get things fixed. We'll provide updates here as we receive them.,billing_subscription,"Hi there! We're sorry to hear about the double charges. We don't have phone support right now, but we'll be glad to help here. You can also get in touch with our Email team at [link:ZgU70TbP8M]. Let us know how you'd like to proceed.","[{'brand_text': ""Hey there! We don't have phone support, but we're happy to help here. Does the same thing happen when you use a different browser or incognito window? Also, can you DM us your account's email address? We'll check things out /KC [link:ldFdZRiNAt]"", 'similarity': 0.5191343426704407, 'category': 'fix_steps'}, {'brand_text': ""Hi! We're sorry to hear that. We don't have phone support right now, but we'll be glad to help via Twitter. You can also get in touch with our Email team at [link:ZgU70TbP8M]. Let us know how you'd like to proceed"", 'similarity': 0.5090937614440918, 'category': 'policy_answer'}, {'brand_text': ""Hey Joey! Check out the official idea and add your vote to let our devs know it's something you'd like to see: [link:SEK4E4gi22]"", 'similarity': 0.4509657621383667, 'category': 'policy_answer'}, {'brand_text': ""Hey Joey! Check out the official idea and add your vote to let our devs know it's something you'd like to see: [link:SEK4E4gi22]"", 'similarity': 0.4509657621383667, 'category': 'policy_answer'}, {'brand_text': ""Hi Lindsay! Help's here. We don't have phone support right now, but we'll be glad to help via Twitter. You can also get in touch with our Email team at [link:ZgU70TbP8M]. Let us know how you'd like to proceed"", 'similarity': 0.42536234855651855, 'category': 'policy_answer'}]",,,,
g114,i can't use spotify bc i've been living in another country for more than 2 weeks wtf,billing_subscription,Hi there! We'd like to look into this location issue. Could you DM us with your account's username and email address? We'll see what we can suggest. [link:ldFdZRiNAt],"[{'brand_text': ""Hey! We don't offer phone support at the moment, but we can help here. Can you DM us your account's email address? We'll check it out /AN [link:ldFdZRiNAt]"", 'similarity': 0.4872554540634155, 'category': 'policy_answer'}, {'brand_text': ""Hey Jimmy! If you cancel the free trial before it expires, you won't get charged. You can find the steps here: [link:vQ84Itly5L]"", 'similarity': 0.4663600027561188, 'category': 'fix_steps'}, {'brand_text': ""Hey Sylvia! We don't offer phone support at the moment, but we can help here. Can you DM us your account's email address? /AN [link:ldFdZRiNAt]"", 'similarity': 0.42682361602783203, 'category': 'policy_answer'}, {'brand_text': ""Hi Jay! This deal is for students only at the moment, but we'll let the right team know it's something you'd like to see"", 'similarity': 0.41901153326034546, 'category': 'policy_answer'}, {'brand_text': 'Hey there, your email is fine just the way it is! You can apply for the student discount here: [link:PS8Iw4CrWL] 🙂', 'similarity': 0.41901153326034546, 'category': 'policy_answer'}]",,,,
g054,i’m Trying To Make A Spotify Account & It Just Keep Loading. Can Y’all Please Help?,other,"Hey there! Are you getting any error messages? If you can send us a screenshot of what you're seeing, that'd be great. Keep us posted.","[{'brand_text': 'Hey there! Could you give it another shot? Just head over at [link:obFLZ92rF4] using an incognito window or a different browser', 'similarity': 0.6649054288864136, 'category': 'fix_steps'}, {'brand_text': ""All music on Spotify must be delivered to us via a label, or distributor. We'd recommend getting back to them for more info on this!"", 'similarity': 0.6506006717681885, 'category': 'policy_answer'}, {'brand_text': 'Thanks for confirming. We have some info about this here: [link:xW1fRS96NG]. Give us a shout if you have any other questions', 'similarity': 0.580805242061615, 'category': 'policy_answer'}, {'brand_text': ""Sorry to hear it! We’d recommend reaching out to your distributor. They'll work with our team to make sure your artist page is fixed up"", 'similarity': 0.5784279108047485, 'category': 'policy_answer'}, {'brand_text': ""Hey! This isn't possible right now, but you can suggest it in our Community at [link:rtDvYZOF32] to help make this idea happen"", 'similarity': 0.5673770904541016, 'category': 'policy_answer'}]",,,,
g003,pissed to discover there's a download limit. Seems unfair to pay for a service that's supposed to provide all music and just don't.,offline_downloads,Hey there! We hear you and we're sorry you feel that way. You can find more info and show your support for the idea to increase the download limit here: [link:Z9OErWpTNz],"[{'brand_text': 'Hey Rachael! Sorry you feel that way, but you can show your support for the idea to increase the limit here: [link:Z9OErWpTNz]', 'similarity': 0.7257677316665649, 'category': 'policy_answer'}, {'brand_text': ""Hi! We're afraid it's not possible to view the total number of songs you've downloaded right now..."", 'similarity': 0.7012189626693726, 'category': 'policy_answer'}, {'brand_text': ""We hear you, we're sorry you feel that way. You can find more info and show your support for the idea here [link:Z9OErWpTNz]"", 'similarity': 0.6537179946899414, 'category': 'policy_answer'}, {'brand_text': 'Hey there, sorry to hear that! Check out the steps under “Downloads unexpectedly removed” at [link:EidIERWgLX]. They should help with this', 'similarity': 0.619113028049469, 'category': 'fix_steps'}, {'brand_text': 'Hey Ryan, sorry to hear that! Check out the steps under “Downloads unexpectedly removed” at [link:EidIERWgLX]. They should help with this', 'similarity': 0.6162168979644775, 'category': 'fix_steps'}]",,,,
